case_id,slide_id,label
28,2023-07759_17,J
120,2020-00080_3,J
86,2023-13012_4,J
73,2023-11364_1,J
35,2023-22971_45,J
91,2023-11545_13,J
34,2023-08624_3,J
27,2020-01670_9,J
45,2023-08800_12,J
60,2023-08624_4,J
63,2019-14674_6,J
23,2023-09126_4,J
49,2023-09674_4,J
112,2019-11041_6,J
19,2020-12320_6,J
39,2023-06836_11,J
11,2021-19772_10,J
56,2023-08087_7,J
46,2023-06836_12,J
89,2023-00783_18,J
99,2019-09418_4,J
40,2021-19772_9,J
20,B2023-23447_11,J
32,B2023-23447_10,J
105,2023-07759_18,J
67,2019-03807_6,J
41,2023-16660_4,J
94,2023-11545_14,J
92,2023-14705_14,J
121,2023-09857_1,J
4,2019-06591_4,J
14,2023-01187_11,J
110,2021-17938-10,J
122,2019-08253_2,J
18,2021-18618_2,J
1,2023-17022_7,J
114,2023-09298_3,J
58,2023-09126_3,J
85,2019-14029_7,J
42,2023-10046_9,J
54,2023-12628_5,J
70,2023-08382_10,J
29,2023-02520_9,J
76,2023-13521_11,J
116,2019-04167_17,J
9,2023-12628_6,J
47,2023-18465_5,J
123,2023-08427_1,J
48,2023-15587_10,J
43,2023-13018_11,J
57,2023-10046_10,J
36,2023-19365_10,J
5,2020-11301_14,J
125,2023-13684_3,J
12,2023-08427_2,J
51,2019-06220_2,J
108,2023-00189_24,J
102,2021-18648_10,J
71,2023-01187_12,J
78,2021-18618_1,J
6,2019-08194_6,J
50,2023-25359_10,J
33,2019-03807-5,J
10,2019-06081_1,J
101,2019-09342_6,J
13,2023-14975_12,J
17,2023-14705_13,J
25,2021-17938_9,J
37,2023-08382_9,J
16,2023-19422_2,J
111,2023-02520_10,J
66,2023-00776_4,J
55,2019-08253_1,J
119,2023-00776_3,J
68,2023-07469_21,J
90,2020-11060_2,J
8,2019-06220_1,J
81,2020-01670_10,J
7,2019-09418_3,J
31,2023-13018_12,J
79,2023-00783_17,J
109,2023-02559_7,J
118,2023-17661_7,J
69,2019-06081_2,J
98,2023-02517_6,J
95,2023-09857_2,J
74,2023-13521_12,J
117,2021-18648_9,J
82,2023-22971_46,J
65,2023-25359_9,J
44,2019-11041_5,J
124,2023-01965_7,J
59,2023-16245_16,J
62,2023-00686_9,J
96,2020-11301_13,J
97,2023-15587_9,J
80,2020-10060_2,J
84,2023-09742_14,J
77,2023-00375-15,J
26,2023-19365_9,J
134,B2019-08504_15,N
199,B2019-08504_14,N
231,B2022-00119_2,N
232,B2020-09453_9,N
133,B2023-00395_8,N
153,B2020-01764_8,N
217,B2020-09453_7,N
127,2021-22552_4,N
158,2021-10532_11,N
237,2021-12846_2,N
203,2021-10155_12,N
208,B2020-09453_5,N
175,B2022-00119_7,N
138,B2022-00119_4,N
135,B2020-09453_6,N
215,B2019-04295_2,N
200,B2023-00395_9,N
212,B2020-01764_14,N
193,2021-10532_15,N
169,2021-22552_2,N
188,B2023-00395_10,N
223,B2020-09453_3,N
165,B2019-08504_11,N
143,B2020-09453_2,N
154,B2022-00119_3,N
185,B2020-09453_11,N
220,B2019-1590-7,N
168,B2019-04295_5,N
205,B2023-02367_2,N
224,B2023-00395_22,N
184,2021-22552_3,N
173,B2020-09453_4,N
194,B2023-00395_4,N
192,2021-10532_16,N
225,B2022-00119_9,N
146,B2020-01764_15,N
180,B2020-09453_10,N
152,B2023-00395_6,N
177,B2019-04295_4,N
172,B2023-00395_5,N
131,2021-10532_13,N
159,2021-10532_9,N
218,B2019-04295_6,N
202,B2019-11945_13,N
222,B2019-04294_3,N
206,B2019-04295_7,N
160,2021-12846_9,N
171,B2020-01764_9,N
191,2021-10155_17,N
144,B2019-04294_7,N
162,B2023-00395_23,N
151,2021-10155_23,N
236,2021-10155_20,N
204,B2019-07929_3,N
235,2021-12846_4,N
196,B2023-00395_13,N
176,B2023-20805_10,N
195,B2020-01764_3,N
183,2021-12846_3,N
155,B2019-08504_13,N
142,B2022-00119_5,N
170,2021-10155_15,N
210,B2019-07929_6,N
211,B2023-20805_6,N
182,B2019-04294_5,N
145,B2020-01764_13,N
174,B2022-00119_6,N
234,2021-10155_13,N
238,2021-10532_10,N
186,B2020-01764_2,N
207,2021-10155_19,N
167,B2023-00395_11,N
227,B2020-01764_12,N
130,2021-10532_14,N
136,B2020-01764_5,N
166,B2019-04294_4,N
189,B2019-07127_4,N
140,B2019-07929_5,N
139,B2019-07929_2,N
161,2021-10155_21,N
190,2021-10155_22,N
230,B2019-11945_14,N
163,B2020-01764_6,N
216,B2019-04294_6,N
181,B2023-20805_11,N
197,B2019-07929_4,N
149,B2019-08504_10,N
132,B2023-20805_2,N
137,B2020-01764_7,N
157,B2020-01764_10,N
306,B2022-17784_17,T
322,B2022-17316_14,T
279,2021-14327_5,T
287,B2020-14432_14,T
330,B2022-17784_18,T
354,B2020-01028_3,T
307,B2022-17316_15,T
257,B2022-08004_2,T
252,B2023-14941_4,T
378,B2019-06328_2,T
265,B2023-09440_3,T
334,2021-12603_4,T
295,B2022-17784_19,T
284,B2023-15416_9,T
364,B2021-18070_6,T
278,2021-01740_13,T
376,B2023-15416_8,T
379,B2020-00984_5,T
302,B2023-15096_6,T
316,2021-14237_4,T
276,B2022-26688_5,T
360,B2023-20856_8,T
328,B2022-14634_5,T
256,B2020-14432_15,T
324,2019-06346_33,T
370,B2022-09299_7,T
267,B2019-06328_3,T
289,B2023-19284_2,T
357,B2023-17102_4,T
313,B2020-08956_2,T
247,B2021-1614_7,T
323,B2020-02429_6,T
244,B2022-17316_10,T
372,B2023-20871_14,T
251,B2022-17316_9,T
368,B2019-14535_14,T
369,B2023-09644_14,T
320,B2020-02465_4,T
325,B2019-00889_16,T
336,B2020-05331_2,T
274,B2023-19284_3,T
355,B2023-09440_2,T
367,B2022-14634_4,T
266,B2022-17316_16,T
273,B2022-17784_16,T
309,B2023-16781_5,T
348,B2022-09349_2,T
344,B2020-00984_4,T
285,B2022-08838_9,T
318,B2020-01306_13,T
305,B2020-14448_5,T
290,2020-00355_1,T
240,B2021-22484_5,T
253,B2022-17316_5,T
317,B2021-15566_5,T
243,B2022-08838_8,T
246,B2022-22023_13,T
349,B2023-09644_15,T
275,B2020-02842_8,T
358,B2019-00136_3,T
286,B2022-09349_3,T
250,B2022-09299_6,T
352,B2020-08266_2,T
329,B2022-19718_5,T
331,B2022-17316_17,T
293,B2022-17316_4,T
365,B2022-15026_7,T
321,B2022-17316_8,T
281,B2021-15566_4,T
373,B2021-16522_8,T
326,B2022-19718_4,T
310,B2020-01028_2,T
353,2021-12603_5,T
280,B2022-15967_4,T
340,B2022-14634_3,T
248,2022-02329_3,T
377,B2022-25890_5,T
341,B2023-20856_7,T
337,2022-00080_9,T
264,B2023-15096_7,T
301,B2022-26688_6,T
362,B2021-1614_6,T
282,B2022-15967_2,T
270,B2023-11676_14,T
245,B2022-20171_10,T
258,B2020-02465_5,T
259,B2023-16723_6,T
304,B2022-15026_6,T
333,B2022-15967_3,T
268,B2022-05559_8,T
298,B2020-15068_8,T
359,B2022-25890_4,T
366,2019-04111_5,T
291,B2019-00136_5,T
350,B2020-02401_9,T
294,B2019-14535_15,T
249,B2020-02842_9,T
255,2022-00818_3,T
338,B2023-20871_15,T
296,B2019-11151_2,T
288,2021-01740_12,T
351,2021-10756_6,T
283,2019-06346_34,T
374,B2019-11151_3,T
300,B2022-17316_2,T
319,B2023-22252_5,T
345,B2023-14941_5,T
312,B2022-05559_9,T
335,B2023-16723_7,T
308,2020-00080_10,T
271,B2020-01306_12,T
509,2021-13165_4,Z
471,B2023-21483_8,Z
439,2023-08092_8,Z
434,B2021-25554_2,Z
481,B2019-03571_4,Z
414,2023-08092_7,Z
461,B2021-20648_11,Z
398,B2023-04245_2,Z
419,B2021-24994_2,Z
403,B2022-08236_5,Z
413,B2021-24994_6,Z
393,B2023-07328_11,Z
454,B2021-27086_8,Z
407,2023-04550_10,Z
457,B2023-21483_9,Z
415,B2020-15025_1,Z
399,2021-04859_6,Z
474,B2020-15025_2,Z
406,2023-04550_9,Z
424,B2021-20648_8,Z
391,2023-08557_5,Z
469,B2022-22937_4,Z
493,B2019-01380_7,Z
426,B2023-21483_5,Z
405,B2019-08635_3,Z
510,B2019-08635_2,Z
492,B2021-20648_9,Z
417,2023-04550_8,Z
506,B2021-25554_3,Z
421,B2021-21378_1,Z
450,B2023-16994_3,Z
386,B2022-08236_4,Z
408,B2021-20648_7,Z
396,B2022-07275_6,Z
384,B2023-07328_10,Z
394,B2021-20648_10,Z
435,2022-01505_5,Z
392,B2019-05283_3,Z
495,B2022-07275_9,Z
505,B2023-21483_2,Z
489,B2021-27086_5,Z
447,B2023-21483_3,Z
486,2023-24924_13,Z
429,2019-13408_12,Z
464,B2019-03571_5,Z
422,B2021-27086_4,Z
425,B2021-24994_4,Z
475,B2023-02599_5,Z
440,B2022-08236_3,Z
472,2021-04859_22,Z
432,2023-04550_12,Z
458,B2022-24374_3,Z
508,2021-15667_4,Z
430,2023-24924_14,Z
476,2021-20099_14,Z
381,B2023-16567_7,Z
465,B2023-16567_4,Z
491,B2019-01380_6,Z
456,2023-20759_21,Z
416,B2023-16567_6,Z
485,B2021-24994_8,Z
437,B2023-21483_7,Z
479,B2019-03571_3,Z
449,2021-13165_3,Z
444,B2023-21483_10,Z
443,B2021-21378,Z
431,B2021-27086_9,Z
388,B2022-22937_3,Z
459,B2020-18293_2,Z
420,B2022-22937_2,Z
389,B2023-07328_7,Z
423,B2021-27086_6,Z
445,B2023-07328_6,Z
494,B2022-16439_2,Z
428,B2023-21483_6,Z
477,B2021-24994_5,Z
501,B2022-29856_2,Z
503,2023-20759_22,Z
412,B2019-08635_5,Z
409,B2023-07328_8,Z
507,2022-04448_6,Z
499,B2023-21483_4,Z
453,B2020-18293_1,Z
446,B2022-07275_8,Z
478,2021-18558_12,Z
387,B2023-07328_9,Z
462,B2021-27086_2,Z
451,2023-08557_6,Z
385,2021-11327_3,Z
460,B2022-29856_3,Z
496,B2022-24374_2,Z
436,B2021-24994_3,Z
400,2021-18558_11,Z
482,2019-13408_11,Z
390,2023-04550_11,Z
466,B2023-07328_4,Z
448,B2019-05283-5,Z
504,B2019-05283_4,Z
427,2023-18628_3,Z
411,2022-01505_6,Z
438,B2019-05283_2,Z
470,2023-04550_7,Z
442,B2022-07275_4,Z
397,B2021-24994_9,Z
